model_name,date,MAE,MSE,RMSE,R2,model_params,comments
xgboost,2024-06-11_09-38-30,0.30771928018599176,0.17942860388928444,0.4235901366761087,0.39174087763844134,"{'objective': 'reg:squarederror', 'base_score': None, 'booster': None, 'callbacks': None, 'colsample_bylevel': None, 'colsample_bynode': None, 'colsample_bytree': None, 'device': 'cuda', 'early_stopping_rounds': None, 'enable_categorical': False, 'eval_metric': None, 'feature_types': None, 'gamma': 0, 'grow_policy': None, 'importance_type': None, 'interaction_constraints': None, 'learning_rate': 0.01, 'max_bin': None, 'max_cat_threshold': None, 'max_cat_to_onehot': None, 'max_delta_step': None, 'max_depth': 5, 'max_leaves': None, 'min_child_weight': None, 'missing': nan, 'monotone_constraints': None, 'multi_strategy': None, 'n_estimators': 900, 'n_jobs': None, 'num_parallel_tree': None, 'random_state': 42, 'reg_alpha': 0.5, 'reg_lambda': 0, 'sampling_method': None, 'scale_pos_weight': None, 'subsample': 0.5, 'tree_method': None, 'validate_parameters': None, 'verbosity': None}","sem atrasos e sem colunas prod"
xgboost_test,2024-06-11_13-13-51,0.2883076422772927,0.1710083975194864,0.41353161610629774,0.4202851968026079,"{'objective': 'reg:squarederror', 'base_score': None, 'booster': None, 'callbacks': None, 'colsample_bylevel': None, 'colsample_bynode': None, 'colsample_bytree': None, 'device': None, 'early_stopping_rounds': None, 'enable_categorical': True, 'eval_metric': None, 'feature_types': None, 'gamma': None, 'grow_policy': None, 'importance_type': None, 'interaction_constraints': None, 'learning_rate': 0.01, 'max_bin': None, 'max_cat_threshold': None, 'max_cat_to_onehot': None, 'max_delta_step': None, 'max_depth': 6, 'max_leaves': None, 'min_child_weight': None, 'missing': nan, 'monotone_constraints': None, 'multi_strategy': None, 'n_estimators': 1000, 'n_jobs': None, 'num_parallel_tree': None, 'random_state': None, 'reg_alpha': None, 'reg_lambda': None, 'sampling_method': None, 'scale_pos_weight': None, 'subsample': None, 'tree_method': None, 'validate_parameters': None, 'verbosity': None}", "teste com prod"
xgboost,2024-06-11_13-37-57,0.2855521500402904,0.15615963676914554,0.395170389539937,0.4706221775647844,"{'objective': 'reg:squarederror', 'base_score': None, 'booster': None, 'callbacks': None, 'colsample_bylevel': None, 'colsample_bynode': None, 'colsample_bytree': None, 'device': 'cuda', 'early_stopping_rounds': None, 'enable_categorical': False, 'eval_metric': None, 'feature_types': None, 'gamma': 0, 'grow_policy': None, 'importance_type': None, 'interaction_constraints': None, 'learning_rate': 0.01, 'max_bin': None, 'max_cat_threshold': None, 'max_cat_to_onehot': None, 'max_delta_step': None, 'max_depth': 3, 'max_leaves': None, 'min_child_weight': None, 'missing': nan, 'monotone_constraints': None, 'multi_strategy': None, 'n_estimators': 1000, 'n_jobs': None, 'num_parallel_tree': None, 'random_state': 42, 'reg_alpha': 0.5, 'reg_lambda': 0, 'sampling_method': None, 'scale_pos_weight': None, 'subsample': 0.5, 'tree_method': None, 'validate_parameters': None, 'verbosity': None}","Grid Search sem atrasos e com colunas prod_E + prod_L"
xgboost_test,2024-06-11_23-52-28,0.26406268904039487,0.1379848544165482,0.3714631265907132,0.5322343002881191,"{'objective': 'reg:squarederror', 'base_score': None, 'booster': None, 'callbacks': None, 'colsample_bylevel': None, 'colsample_bynode': None, 'colsample_bytree': None, 'device': None, 'early_stopping_rounds': None, 'enable_categorical': True, 'eval_metric': None, 'feature_types': None, 'gamma': None, 'grow_policy': None, 'importance_type': None, 'interaction_constraints': None, 'learning_rate': 0.01, 'max_bin': None, 'max_cat_threshold': None, 'max_cat_to_onehot': None, 'max_delta_step': None, 'max_depth': 6, 'max_leaves': None, 'min_child_weight': None, 'missing': nan, 'monotone_constraints': None, 'multi_strategy': None, 'n_estimators': 1000, 'n_jobs': None, 'num_parallel_tree': None, 'random_state': None, 'reg_alpha': None, 'reg_lambda': None, 'sampling_method': None, 'scale_pos_weight': None, 'subsample': None, 'tree_method': None, 'validate_parameters': None, 'verbosity': None}","XGboost_test + 5 lags em Médio diário"
xgboost,2024-06-12_00-35-14,0.23039025056637558,0.10380311014045952,0.3221849005469678,0.6481096809325013,"{'objective': 'reg:squarederror', 'base_score': None, 'booster': None, 'callbacks': None, 'colsample_bylevel': None, 'colsample_bynode': None, 'colsample_bytree': None, 'device': 'cuda', 'early_stopping_rounds': None, 'enable_categorical': False, 'eval_metric': None, 'feature_types': None, 'gamma': 0, 'grow_policy': None, 'importance_type': None, 'interaction_constraints': None, 'learning_rate': 0.01, 'max_bin': None, 'max_cat_threshold': None, 'max_cat_to_onehot': None, 'max_delta_step': None, 'max_depth': 5, 'max_leaves': None, 'min_child_weight': None, 'missing': nan, 'monotone_constraints': None, 'multi_strategy': None, 'n_estimators': 900, 'n_jobs': None, 'num_parallel_tree': None, 'random_state': 42, 'reg_alpha': 0.7, 'reg_lambda': 0, 'sampling_method': None, 'scale_pos_weight': None, 'subsample': 0.3, 'tree_method': None, 'validate_parameters': None, 'verbosity': None}","Grid Search + atrasos do target 1 à 5 dias"
xgboost,2024-06-12_00-57-01,0.23006773271808728,0.10371146516881802,0.322042644953767,0.6484203554225838,"{'objective': 'reg:squarederror', 'base_score': None, 'booster': None, 'callbacks': None, 'colsample_bylevel': None, 'colsample_bynode': None, 'colsample_bytree': None, 'device': 'cuda', 'early_stopping_rounds': None, 'enable_categorical': False, 'eval_metric': None, 'feature_types': None, 'gamma': 0, 'grow_policy': None, 'importance_type': None, 'interaction_constraints': None, 'learning_rate': 0.01, 'max_bin': None, 'max_cat_threshold': None, 'max_cat_to_onehot': None, 'max_delta_step': None, 'max_depth': 3, 'max_leaves': None, 'min_child_weight': None, 'missing': nan, 'monotone_constraints': None, 'multi_strategy': None, 'n_estimators': 1100, 'n_jobs': None, 'num_parallel_tree': None, 'random_state': 42, 'reg_alpha': 0.5, 'reg_lambda': 0, 'sampling_method': None, 'scale_pos_weight': None, 'subsample': 0.5, 'tree_method': None, 'validate_parameters': None, 'verbosity': None}","Grid Search + atrasos do target 1 à 7 dias"
xgboost,2024-06-12_01-15-04,0.22796573094664827,0.10480042464202681,0.32372893698590927,0.6447288061427935,"{'objective': 'reg:squarederror', 'base_score': None, 'booster': None, 'callbacks': None, 'colsample_bylevel': None, 'colsample_bynode': None, 'colsample_bytree': None, 'device': 'cuda', 'early_stopping_rounds': None, 'enable_categorical': False, 'eval_metric': None, 'feature_types': None, 'gamma': 0, 'grow_policy': None, 'importance_type': None, 'interaction_constraints': None, 'learning_rate': 0.01, 'max_bin': None, 'max_cat_threshold': None, 'max_cat_to_onehot': None, 'max_delta_step': None, 'max_depth': 3, 'max_leaves': None, 'min_child_weight': None, 'missing': nan, 'monotone_constraints': None, 'multi_strategy': None, 'n_estimators': 1000, 'n_jobs': None, 'num_parallel_tree': None, 'random_state': 42, 'reg_alpha': 0.7, 'reg_lambda': 0, 'sampling_method': None, 'scale_pos_weight': None, 'subsample': 0.3, 'tree_method': None, 'validate_parameters': None, 'verbosity': None}","Grid Search + atrasos do target 1 à 4 dias"
xgboost,2024-06-12_01-50-05,0.23006773271808728,0.10371146516881802,0.322042644953767,0.6484203554225838,"{'objective': 'reg:squarederror', 'base_score': None, 'booster': None, 'callbacks': None, 'colsample_bylevel': None, 'colsample_bynode': None, 'colsample_bytree': None, 'device': 'cuda', 'early_stopping_rounds': None, 'enable_categorical': 'True', 'eval_metric': None, 'feature_types': None, 'gamma': 0, 'grow_policy': None, 'importance_type': None, 'interaction_constraints': None, 'learning_rate': 0.01, 'max_bin': None, 'max_cat_threshold': None, 'max_cat_to_onehot': None, 'max_delta_step': None, 'max_depth': 3, 'max_leaves': None, 'min_child_weight': None, 'missing': nan, 'monotone_constraints': None, 'multi_strategy': None, 'n_estimators': 1100, 'n_jobs': None, 'num_parallel_tree': None, 'random_state': 42, 'reg_alpha': 0.5, 'reg_lambda': 0, 'sampling_method': None, 'scale_pos_weight': None, 'subsample': 0.5, 'tree_method': None, 'validate_parameters': None, 'verbosity': None}","Grid Search + atrasos 1 à 7 dias + enable_categorical=True"
xgboost,2024-06-12_02-22-00,0.2205766407888511,0.09920462257229702,0.31496765321584536,0.663698455251489,"{'objective': 'reg:squarederror', 'base_score': None, 'booster': None, 'callbacks': None, 'colsample_bylevel': None, 'colsample_bynode': None, 'colsample_bytree': None, 'device': 'cuda', 'early_stopping_rounds': None, 'enable_categorical': 'True', 'eval_metric': None, 'feature_types': None, 'gamma': 0, 'grow_policy': None, 'importance_type': None, 'interaction_constraints': None, 'learning_rate': 0.01, 'max_bin': None, 'max_cat_threshold': None, 'max_cat_to_onehot': None, 'max_delta_step': None, 'max_depth': 3, 'max_leaves': None, 'min_child_weight': None, 'missing': nan, 'monotone_constraints': None, 'multi_strategy': None, 'n_estimators': 1300, 'n_jobs': None, 'num_parallel_tree': None, 'random_state': 42, 'reg_alpha': 0.7, 'reg_lambda': 0, 'sampling_method': None, 'scale_pos_weight': None, 'subsample': 0.3, 'tree_method': None, 'validate_parameters': None, 'verbosity': None}","Grid Search diferente parametros + atrasos 1 à 7 dias"
xgboost,2024-06-12_16-05-52,0.22299279870732283,0.11384959259183312,0.3374160526587808,0.6140523206998822,"{'objective': 'reg:squarederror', 'base_score': None, 'booster': None, 'callbacks': None, 'colsample_bylevel': None, 'colsample_bynode': None, 'colsample_bytree': None, 'device': 'cuda', 'early_stopping_rounds': None, 'enable_categorical': 'True', 'eval_metric': None, 'feature_types': None, 'gamma': 0, 'grow_policy': None, 'importance_type': None, 'interaction_constraints': None, 'learning_rate': 0.01, 'max_bin': None, 'max_cat_threshold': None, 'max_cat_to_onehot': None, 'max_delta_step': None, 'max_depth': 2, 'max_leaves': None, 'min_child_weight': None, 'missing': nan, 'monotone_constraints': None, 'multi_strategy': None, 'n_estimators': 1500, 'n_jobs': None, 'num_parallel_tree': None, 'random_state': 42, 'reg_alpha': 0.6, 'reg_lambda': 0, 'sampling_method': None, 'scale_pos_weight': None, 'subsample': 0.5, 'tree_method': None, 'validate_parameters': None, 'verbosity': None}","Grid Search + 7-lag target + 1-lag all features"
xgboost,2024-06-12_16-17-51,0.22133227278287682,0.09796389081058728,0.3129918382491583,0.6679045093370981,"{'objective': 'reg:squarederror', 'base_score': None, 'booster': None, 'callbacks': None, 'colsample_bylevel': None, 'colsample_bynode': None, 'colsample_bytree': None, 'device': 'cuda', 'early_stopping_rounds': None, 'enable_categorical': 'True', 'eval_metric': None, 'feature_types': None, 'gamma': 0, 'grow_policy': None, 'importance_type': None, 'interaction_constraints': None, 'learning_rate': 0.01, 'max_bin': None, 'max_cat_threshold': None, 'max_cat_to_onehot': None, 'max_delta_step': None, 'max_depth': 3, 'max_leaves': None, 'min_child_weight': None, 'missing': nan, 'monotone_constraints': None, 'multi_strategy': None, 'n_estimators': 1300, 'n_jobs': None, 'num_parallel_tree': None, 'random_state': 42, 'reg_alpha': 0.6, 'reg_lambda': 0, 'sampling_method': None, 'scale_pos_weight': None, 'subsample': 0.3, 'tree_method': None, 'validate_parameters': None, 'verbosity': None}","Grid Search + 7-lag target + week_day as feature"
xgboost,2024-06-12_16-35-28,0.22133227278287682,0.09796389081058728,0.3129918382491583,0.6679045093370981,"{'objective': 'reg:squarederror', 'base_score': None, 'booster': None, 'callbacks': None, 'colsample_bylevel': None, 'colsample_bynode': None, 'colsample_bytree': None, 'device': 'cuda', 'early_stopping_rounds': None, 'enable_categorical': 'True', 'eval_metric': None, 'feature_types': None, 'gamma': 0, 'grow_policy': None, 'importance_type': None, 'interaction_constraints': None, 'learning_rate': 0.01, 'max_bin': None, 'max_cat_threshold': None, 'max_cat_to_onehot': None, 'max_delta_step': None, 'max_depth': 3, 'max_leaves': None, 'min_child_weight': None, 'missing': nan, 'monotone_constraints': None, 'multi_strategy': None, 'n_estimators': 1300, 'n_jobs': None, 'num_parallel_tree': None, 'random_state': 42, 'reg_alpha': 0.6, 'reg_lambda': 0, 'sampling_method': None, 'scale_pos_weight': None, 'subsample': 0.3, 'tree_method': None, 'validate_parameters': None, 'verbosity': None}","Grid Search + 7-lag target + week_day as feature"
xgboost,2024-06-12_17-27-35,0.2235089685645549,0.10125283967259081,0.3182025136176501,0.6567550431709972,"{'objective': 'reg:squarederror', 'base_score': None, 'booster': None, 'callbacks': None, 'colsample_bylevel': None, 'colsample_bynode': None, 'colsample_bytree': None, 'device': None, 'early_stopping_rounds': None, 'enable_categorical': 'True', 'eval_metric': None, 'feature_types': None, 'gamma': 0, 'grow_policy': None, 'importance_type': None, 'interaction_constraints': None, 'learning_rate': 0.01, 'max_bin': None, 'max_cat_threshold': None, 'max_cat_to_onehot': None, 'max_delta_step': None, 'max_depth': 3, 'max_leaves': None, 'min_child_weight': None, 'missing': nan, 'monotone_constraints': None, 'multi_strategy': None, 'n_estimators': 1200, 'n_jobs': None, 'num_parallel_tree': None, 'random_state': 42, 'reg_alpha': 0.7, 'reg_lambda': 0, 'sampling_method': None, 'scale_pos_weight': None, 'subsample': 0.3, 'tree_method': None, 'validate_parameters': None, 'verbosity': None}","Grid Search + 7-lag target + week_day as feature on CPU"
xgboost,2024-06-12_17-34-04,0.22534543160327294,0.10083886303468613,0.3175513549564639,0.6581584151027403,"{'objective': 'reg:squarederror', 'base_score': None, 'booster': None, 'callbacks': None, 'colsample_bylevel': None, 'colsample_bynode': None, 'colsample_bytree': None, 'device': None, 'early_stopping_rounds': None, 'enable_categorical': 'True', 'eval_metric': None, 'feature_types': None, 'gamma': 0, 'grow_policy': None, 'importance_type': None, 'interaction_constraints': None, 'learning_rate': 0.01, 'max_bin': None, 'max_cat_threshold': None, 'max_cat_to_onehot': None, 'max_delta_step': None, 'max_depth': 3, 'max_leaves': None, 'min_child_weight': None, 'missing': nan, 'monotone_constraints': None, 'multi_strategy': None, 'n_estimators': 1300, 'n_jobs': None, 'num_parallel_tree': None, 'random_state': 42, 'reg_alpha': 0.6, 'reg_lambda': 0, 'sampling_method': None, 'scale_pos_weight': None, 'subsample': 0.3, 'tree_method': None, 'validate_parameters': None, 'verbosity': None}","7-lag target + week_day as feature + on CPU"
xgboost,2024-06-12_17-34-46,0.22133227278287682,0.09796389081058728,0.3129918382491583,0.6679045093370981,"{'objective': 'reg:squarederror', 'base_score': None, 'booster': None, 'callbacks': None, 'colsample_bylevel': None, 'colsample_bynode': None, 'colsample_bytree': None, 'device': 'cuda', 'early_stopping_rounds': None, 'enable_categorical': 'True', 'eval_metric': None, 'feature_types': None, 'gamma': 0, 'grow_policy': None, 'importance_type': None, 'interaction_constraints': None, 'learning_rate': 0.01, 'max_bin': None, 'max_cat_threshold': None, 'max_cat_to_onehot': None, 'max_delta_step': None, 'max_depth': 3, 'max_leaves': None, 'min_child_weight': None, 'missing': nan, 'monotone_constraints': None, 'multi_strategy': None, 'n_estimators': 1300, 'n_jobs': None, 'num_parallel_tree': None, 'random_state': 42, 'reg_alpha': 0.6, 'reg_lambda': 0, 'sampling_method': None, 'scale_pos_weight': None, 'subsample': 0.3, 'tree_method': None, 'validate_parameters': None, 'verbosity': None}","7-lag target + week_day as feature + on GPU"
xgboost,2024-06-13_16-38-04,0.2181621678136463,0.07352447156189951,0.27115396283642895,0.641912670491854,"{'objective': 'reg:squarederror', 'base_score': None, 'booster': None, 'callbacks': None, 'colsample_bylevel': None, 'colsample_bynode': None, 'colsample_bytree': None, 'device': 'cuda', 'early_stopping_rounds': None, 'enable_categorical': 'True', 'eval_metric': None, 'feature_types': None, 'gamma': 0, 'grow_policy': None, 'importance_type': None, 'interaction_constraints': None, 'learning_rate': 0.01, 'max_bin': None, 'max_cat_threshold': None, 'max_cat_to_onehot': None, 'max_delta_step': None, 'max_depth': 3, 'max_leaves': None, 'min_child_weight': None, 'missing': nan, 'monotone_constraints': None, 'multi_strategy': None, 'n_estimators': 1300, 'n_jobs': None, 'num_parallel_tree': None, 'random_state': 42, 'reg_alpha': 0.6, 'reg_lambda': 0, 'sampling_method': None, 'scale_pos_weight': None, 'subsample': 0.3, 'tree_method': None, 'validate_parameters': None, 'verbosity': None}","cleaned_data_train"
xgboost,2024-06-13_16-54-18,0.21732270726394284,0.07332149196862935,0.27077941570331626,0.6429012450297555,"{'objective': 'reg:squarederror', 'base_score': None, 'booster': None, 'callbacks': None, 'colsample_bylevel': None, 'colsample_bynode': None, 'colsample_bytree': None, 'device': 'cuda', 'early_stopping_rounds': None, 'enable_categorical': 'True', 'eval_metric': None, 'feature_types': None, 'gamma': 0, 'grow_policy': None, 'importance_type': None, 'interaction_constraints': None, 'learning_rate': 0.01, 'max_bin': None, 'max_cat_threshold': None, 'max_cat_to_onehot': None, 'max_delta_step': None, 'max_depth': 3, 'max_leaves': None, 'min_child_weight': None, 'missing': nan, 'monotone_constraints': None, 'multi_strategy': None, 'n_estimators': 1300, 'n_jobs': None, 'num_parallel_tree': None, 'random_state': 42, 'reg_alpha': 0.5, 'reg_lambda': 0, 'sampling_method': None, 'scale_pos_weight': None, 'subsample': 0.3, 'tree_method': None, 'validate_parameters': None, 'verbosity': None}","Grid search+cleaned_data_train"
xgboost,2024-06-13_17-12-54,0.21767110949660143,0.07355819601093751,0.2712161426075843,0.6417484218051431,"{'objective': 'reg:squarederror', 'base_score': None, 'booster': None, 'callbacks': None, 'colsample_bylevel': None, 'colsample_bynode': None, 'colsample_bytree': None, 'device': 'cuda', 'early_stopping_rounds': None, 'enable_categorical': 'True', 'eval_metric': None, 'feature_types': None, 'gamma': 0, 'grow_policy': None, 'importance_type': None, 'interaction_constraints': None, 'learning_rate': 0.01, 'max_bin': None, 'max_cat_threshold': None, 'max_cat_to_onehot': None, 'max_delta_step': None, 'max_depth': 3, 'max_leaves': None, 'min_child_weight': None, 'missing': nan, 'monotone_constraints': None, 'multi_strategy': None, 'n_estimators': 1250, 'n_jobs': None, 'num_parallel_tree': None, 'random_state': 42, 'reg_alpha': 0.5, 'reg_lambda': 0.2, 'sampling_method': None, 'scale_pos_weight': None, 'subsample': 0.3, 'tree_method': None, 'validate_parameters': None, 'verbosity': None}","Grid search (changing the parameters) +cleaned_data_train"
xgboost,2024-06-13_18-21-20,0.3501833001962057,0.16988112556437848,0.41216638092447383,-0.13270278367400623,"{'objective': 'reg:squarederror', 'base_score': None, 'booster': None, 'callbacks': None, 'colsample_bylevel': None, 'colsample_bynode': None, 'colsample_bytree': None, 'device': 'cuda', 'early_stopping_rounds': None, 'enable_categorical': 'True', 'eval_metric': None, 'feature_types': None, 'gamma': 0, 'grow_policy': None, 'importance_type': None, 'interaction_constraints': None, 'learning_rate': 0.01, 'max_bin': None, 'max_cat_threshold': None, 'max_cat_to_onehot': None, 'max_delta_step': None, 'max_depth': 4, 'max_leaves': None, 'min_child_weight': None, 'missing': nan, 'monotone_constraints': None, 'multi_strategy': None, 'n_estimators': 1250, 'n_jobs': None, 'num_parallel_tree': None, 'random_state': 42, 'reg_alpha': 0.4, 'reg_lambda': 0, 'sampling_method': None, 'scale_pos_weight': None, 'subsample': 0.2, 'tree_method': None, 'validate_parameters': None, 'verbosity': None}","GridSearch TimeSeriesSplit. Cleaned_data_train."
xgboost,2024-06-13_18-35-33,0.3529988907077448,0.17656274152433857,0.4201936952458218,-0.1772532596150158,"{'objective': 'reg:squarederror', 'base_score': None, 'booster': None, 'callbacks': None, 'colsample_bylevel': None, 'colsample_bynode': None, 'colsample_bytree': None, 'device': None, 'early_stopping_rounds': None, 'enable_categorical': 'True', 'eval_metric': None, 'feature_types': None, 'gamma': 0, 'grow_policy': None, 'importance_type': None, 'interaction_constraints': None, 'learning_rate': 0.01, 'max_bin': None, 'max_cat_threshold': None, 'max_cat_to_onehot': None, 'max_delta_step': None, 'max_depth': 4, 'max_leaves': None, 'min_child_weight': None, 'missing': nan, 'monotone_constraints': None, 'multi_strategy': None, 'n_estimators': 500, 'n_jobs': None, 'num_parallel_tree': None, 'random_state': 42, 'reg_alpha': 0.4, 'reg_lambda': 0, 'sampling_method': None, 'scale_pos_weight': None, 'subsample': 0.3, 'tree_method': None, 'validate_parameters': None, 'verbosity': None}","GridSearch TimeSeriesSplit v2. Cleaned_data_train."
xgboost,2024-06-13_18-39-02,0.3529988907077448,0.17656274152433857,0.4201936952458218,-0.1772532596150158,"{'objective': 'reg:squarederror', 'base_score': None, 'booster': None, 'callbacks': None, 'colsample_bylevel': None, 'colsample_bynode': None, 'colsample_bytree': None, 'device': None, 'early_stopping_rounds': None, 'enable_categorical': 'True', 'eval_metric': None, 'feature_types': None, 'gamma': 0, 'grow_policy': None, 'importance_type': None, 'interaction_constraints': None, 'learning_rate': 0.01, 'max_bin': None, 'max_cat_threshold': None, 'max_cat_to_onehot': None, 'max_delta_step': None, 'max_depth': 4, 'max_leaves': None, 'min_child_weight': None, 'missing': nan, 'monotone_constraints': None, 'multi_strategy': None, 'n_estimators': 500, 'n_jobs': None, 'num_parallel_tree': None, 'random_state': 42, 'reg_alpha': 0.4, 'reg_lambda': 0, 'sampling_method': None, 'scale_pos_weight': None, 'subsample': 0.3, 'tree_method': None, 'validate_parameters': None, 'verbosity': None}","GridSearch TimeSeriesSplit. Cleaned_data_train."
xgboost,2024-06-13_18-44-14,0.3529988907077448,0.17656274152433857,0.4201936952458218,-0.1772532596150158,"{'objective': 'reg:squarederror', 'base_score': None, 'booster': None, 'callbacks': None, 'colsample_bylevel': None, 'colsample_bynode': None, 'colsample_bytree': None, 'device': None, 'early_stopping_rounds': None, 'enable_categorical': 'True', 'eval_metric': None, 'feature_types': None, 'gamma': 0, 'grow_policy': None, 'importance_type': None, 'interaction_constraints': None, 'learning_rate': 0.01, 'max_bin': None, 'max_cat_threshold': None, 'max_cat_to_onehot': None, 'max_delta_step': None, 'max_depth': 4, 'max_leaves': None, 'min_child_weight': None, 'missing': nan, 'monotone_constraints': None, 'multi_strategy': None, 'n_estimators': 500, 'n_jobs': None, 'num_parallel_tree': None, 'random_state': 42, 'reg_alpha': 0.4, 'reg_lambda': 0, 'sampling_method': None, 'scale_pos_weight': None, 'subsample': 0.3, 'tree_method': None, 'validate_parameters': None, 'verbosity': None}","GridSearch TimeSeriesSplit n_split=5. Cleaned_data_train."
xgboost,2024-06-19_17-50-37,0.21732270726394284,0.07332149196862935,0.27077941570331626,0.6429012450297555,"{'objective': 'reg:squarederror', 'base_score': None, 'booster': None, 'callbacks': None, 'colsample_bylevel': None, 'colsample_bynode': None, 'colsample_bytree': None, 'device': 'cuda', 'early_stopping_rounds': None, 'enable_categorical': 'True', 'eval_metric': None, 'feature_types': None, 'gamma': 0, 'grow_policy': None, 'importance_type': None, 'interaction_constraints': None, 'learning_rate': 0.01, 'max_bin': None, 'max_cat_threshold': None, 'max_cat_to_onehot': None, 'max_delta_step': None, 'max_depth': 3, 'max_leaves': None, 'min_child_weight': None, 'missing': nan, 'monotone_constraints': None, 'multi_strategy': None, 'n_estimators': 1300, 'n_jobs': None, 'num_parallel_tree': None, 'random_state': 42, 'reg_alpha': 0.5, 'reg_lambda': 0, 'sampling_method': None, 'scale_pos_weight': None, 'subsample': 0.3, 'tree_method': None, 'validate_parameters': None, 'verbosity': None}","best model + saving preprocessor"
xgboost,2024-06-19_18-13-44,0.18608374987719717,0.06830011593061636,0.26134290870543314,0.6431058792647217,"{'objective': 'reg:squarederror', 'base_score': None, 'booster': None, 'callbacks': None, 'colsample_bylevel': None, 'colsample_bynode': None, 'colsample_bytree': None, 'device': 'cuda', 'early_stopping_rounds': None, 'enable_categorical': 'True', 'eval_metric': None, 'feature_types': None, 'gamma': 0, 'grow_policy': None, 'importance_type': None, 'interaction_constraints': None, 'learning_rate': 0.01, 'max_bin': None, 'max_cat_threshold': None, 'max_cat_to_onehot': None, 'max_delta_step': None, 'max_depth': 3, 'max_leaves': None, 'min_child_weight': None, 'missing': nan, 'monotone_constraints': None, 'multi_strategy': None, 'n_estimators': 1300, 'n_jobs': None, 'num_parallel_tree': None, 'random_state': 42, 'reg_alpha': 0.5, 'reg_lambda': 0, 'sampling_method': None, 'scale_pos_weight': None, 'subsample': 0.3, 'tree_method': None, 'validate_parameters': None, 'verbosity': None}","best model, removing the first 7 rows"
xgboost,2024-06-19_18-18-14,0.18912067185203868,0.07011062463680355,0.2647841094869621,0.633645281665815,"{'objective': 'reg:squarederror', 'base_score': None, 'booster': None, 'callbacks': None, 'colsample_bylevel': None, 'colsample_bynode': None, 'colsample_bytree': None, 'device': None, 'early_stopping_rounds': None, 'enable_categorical': 'True', 'eval_metric': None, 'feature_types': None, 'gamma': 0, 'grow_policy': None, 'importance_type': None, 'interaction_constraints': None, 'learning_rate': 0.01, 'max_bin': None, 'max_cat_threshold': None, 'max_cat_to_onehot': None, 'max_delta_step': None, 'max_depth': 2, 'max_leaves': None, 'min_child_weight': None, 'missing': nan, 'monotone_constraints': None, 'multi_strategy': None, 'n_estimators': 1400, 'n_jobs': None, 'num_parallel_tree': None, 'random_state': 42, 'reg_alpha': 0.5, 'reg_lambda': 0, 'sampling_method': None, 'scale_pos_weight': None, 'subsample': 0.3, 'tree_method': None, 'validate_parameters': None, 'verbosity': None}","First grid search"
KNN,2024-06-21_12-52-38,0.24816248909488836,0.0910025081097815,0.3016662197028058,0.5567891286353479,"{'algorithm': 'auto', 'leaf_size': 10, 'metric': 'minkowski', 'metric_params': None, 'n_jobs': None, 'n_neighbors': 5, 'p': 1, 'weights': 'distance'}","First grid search"
KNN,2024-06-21_12-58-37,0.24816248909488836,0.0910025081097815,0.3016662197028058,0.5567891286353479,"{'algorithm': 'auto', 'leaf_size': 5, 'metric': 'minkowski', 'metric_params': None, 'n_jobs': None, 'n_neighbors': 5, 'p': 1, 'weights': 'distance'}","2nd grid search"
KNN,2024-06-21_13-03-06,0.24816248909488836,0.0910025081097815,0.3016662197028058,0.5567891286353479,"{'algorithm': 'ball_tree', 'leaf_size': 2, 'metric': 'minkowski', 'metric_params': None, 'n_jobs': None, 'n_neighbors': 5, 'p': 1, 'weights': 'distance'}","3rd grid search"
KNN,2024-06-21_13-04-54,0.24816248909488836,0.0910025081097815,0.3016662197028058,0.5567891286353479,"{'algorithm': 'ball_tree', 'leaf_size': 1, 'metric': 'minkowski', 'metric_params': None, 'n_jobs': None, 'n_neighbors': 5, 'p': 1, 'weights': 'distance'}","4th grid search"
KNN,2024-06-21_13-12-16,0.2517858889238572,0.09481511417100792,0.30792062966129424,0.5382205365199765,"{'algorithm': 'ball_tree', 'leaf_size': 1, 'metric': 'minkowski', 'metric_params': None, 'n_jobs': None, 'n_neighbors': 6, 'p': 1, 'weights': 'distance'}","scale_std=True"
KNN,2024-06-21_13-12-37,0.2711027092345001,0.1315819219675657,0.3627422252337956,0.3591546046101556,"{'algorithm': 'ball_tree', 'leaf_size': 1, 'metric': 'minkowski', 'metric_params': None, 'n_jobs': None, 'n_neighbors': 6, 'p': 1, 'weights': 'distance'}","scale_minmax=True"
KNN,2024-06-21_13-14-53,0.2711027092345001,0.1315819219675657,0.3627422252337956,0.3591546046101556,"{'algorithm': 'auto', 'leaf_size': 1, 'metric': 'minkowski', 'metric_params': None, 'n_jobs': None, 'n_neighbors': 6, 'p': 1, 'weights': 'distance'}","minmax=true other grid_parameters"
KNN,2024-06-21_13-16-05,0.27228914500390505,0.13275554430792502,0.3643563424834609,0.3534386942366067,"{'algorithm': 'auto', 'leaf_size': 1, 'metric': 'minkowski', 'metric_params': None, 'n_jobs': None, 'n_neighbors': 10, 'p': 1, 'weights': 'distance'}","minmax=true other grid_parameters"
KNN,2024-06-21_13-17-19,0.27052059595339556,0.12848769456488937,0.35845180228991647,0.374224466439526,"{'algorithm': 'auto', 'leaf_size': 1, 'metric': 'minkowski', 'metric_params': None, 'n_jobs': None, 'n_neighbors': 20, 'p': 1, 'weights': 'distance'}","minmax=true other grid_parameters"
KNN,2024-06-21_13-17-50,0.2543498677309354,0.09927049310184,0.3150722029977256,0.5165214381191761,"{'algorithm': 'auto', 'leaf_size': 1, 'metric': 'minkowski', 'metric_params': None, 'n_jobs': None, 'n_neighbors': 10, 'p': 2, 'weights': 'distance'}","scale_std=true other grid_parameters"
KNN,2024-06-21_13-59-29,0.23309112357920142,0.0954372881873423,0.30892926081441735,0.5013038178795737,"{'algorithm': 'auto', 'leaf_size': 1, 'metric': 'minkowski', 'metric_params': None, 'n_jobs': None, 'n_neighbors': 10, 'p': 1, 'weights': 'distance'}","add lagging medio diario"
KNN,2024-06-21_14-00-21,0.24255224322159186,0.10660253294235386,0.32650043329581335,0.44296116127732055,"{'algorithm': 'auto', 'leaf_size': 1, 'metric': 'minkowski', 'metric_params': None, 'n_jobs': None, 'n_neighbors': 15, 'p': 1, 'weights': 'distance'}","add lagging medio diario, scale_minmax=True"
KNN,2024-06-21_14-00-45,0.21534375948996265,0.07994041263460018,0.2827373562771644,0.5822808952853926,"{'algorithm': 'auto', 'leaf_size': 1, 'metric': 'minkowski', 'metric_params': None, 'n_jobs': None, 'n_neighbors': 10, 'p': 1, 'weights': 'distance'}","add lagging medio diario, scale_std=True"
KNN,2024-06-21_14-01-53,0.20169942534827695,0.07223672223292923,0.26876890116404695,0.6225356119115573,"{'algorithm': 'auto', 'leaf_size': 1, 'metric': 'minkowski', 'metric_params': None, 'n_jobs': None, 'n_neighbors': 5, 'p': 1, 'weights': 'distance'}","add lagging medio diario, scale_std=True"
KNN,2024-06-21_14-06-18,0.21213987566615822,0.07000976755047722,0.26459358939792404,0.6341722983575717,"{'algorithm': 'auto', 'leaf_size': 1, 'metric': 'minkowski', 'metric_params': None, 'n_jobs': None, 'n_neighbors': 5, 'p': 1, 'weights': 'distance'}","add lagging medio diario + lagging all features in 1, scale_std=True"
KNN,2024-06-21_14-06-55,0.21892305640858467,0.07795866854767225,0.2792107959010042,0.5926362629709317,"{'algorithm': 'auto', 'leaf_size': 1, 'metric': 'minkowski', 'metric_params': None, 'n_jobs': None, 'n_neighbors': 5, 'p': 2, 'weights': 'distance'}","add lagging medio diario + lagging all features in 2, scale_std=True"
xgboost,2024-06-23_18-32-10,0.37140737683155706,0.18694243596438775,0.4323684030596914,-0.2653356713996631,"{'objective': 'reg:squarederror', 'base_score': None, 'booster': None, 'callbacks': None, 'colsample_bylevel': None, 'colsample_bynode': None, 'colsample_bytree': None, 'device': 'cuda', 'early_stopping_rounds': None, 'enable_categorical': 'True', 'eval_metric': None, 'feature_types': None, 'gamma': 0, 'grow_policy': None, 'importance_type': None, 'interaction_constraints': None, 'learning_rate': 0.01, 'max_bin': None, 'max_cat_threshold': None, 'max_cat_to_onehot': None, 'max_delta_step': None, 'max_depth': 3, 'max_leaves': None, 'min_child_weight': None, 'missing': nan, 'monotone_constraints': None, 'multi_strategy': None, 'n_estimators': 1300, 'n_jobs': None, 'num_parallel_tree': None, 'random_state': 42, 'reg_alpha': 0.5, 'reg_lambda': 0, 'sampling_method': None, 'scale_pos_weight': None, 'subsample': 0.3, 'tree_method': None, 'validate_parameters': None, 'verbosity': None}","best xgboost without shuffle"
xgboost,2024-06-23_18-33-15,0.18608374987719717,0.06830011593061636,0.26134290870543314,0.6431058792647217,"{'objective': 'reg:squarederror', 'base_score': None, 'booster': None, 'callbacks': None, 'colsample_bylevel': None, 'colsample_bynode': None, 'colsample_bytree': None, 'device': 'cuda', 'early_stopping_rounds': None, 'enable_categorical': 'True', 'eval_metric': None, 'feature_types': None, 'gamma': 0, 'grow_policy': None, 'importance_type': None, 'interaction_constraints': None, 'learning_rate': 0.01, 'max_bin': None, 'max_cat_threshold': None, 'max_cat_to_onehot': None, 'max_delta_step': None, 'max_depth': 3, 'max_leaves': None, 'min_child_weight': None, 'missing': nan, 'monotone_constraints': None, 'multi_strategy': None, 'n_estimators': 1300, 'n_jobs': None, 'num_parallel_tree': None, 'random_state': 42, 'reg_alpha': 0.5, 'reg_lambda': 0, 'sampling_method': None, 'scale_pos_weight': None, 'subsample': 0.3, 'tree_method': None, 'validate_parameters': None, 'verbosity': None}","best xgboost with shuffle"
KNN,2024-06-23_18-50-56,0.33878174289130697,0.16754226609899286,0.4093192715949163,-0.1340239826690568,"{'algorithm': 'auto', 'leaf_size': 1, 'metric': 'minkowski', 'metric_params': None, 'n_jobs': None, 'n_neighbors': 5, 'p': 1, 'weights': 'distance'}","best KNN model without shuffle"
KNN,2024-06-23_18-51-41,0.20169942534827695,0.07223672223292923,0.26876890116404695,0.6225356119115573,"{'algorithm': 'auto', 'leaf_size': 1, 'metric': 'minkowski', 'metric_params': None, 'n_jobs': None, 'n_neighbors': 5, 'p': 1, 'weights': 'distance'}","best KNN model with shuffle"
Random Forest,2024-06-23_19-22-53,0.2257968090658436,0.07675143685998931,0.2770404967870028,0.6261963333123939,"{'bootstrap': True, 'ccp_alpha': 0.0, 'criterion': 'squared_error', 'max_depth': None, 'max_features': 1.0, 'max_leaf_nodes': None, 'max_samples': None, 'min_impurity_decrease': 0.0, 'min_samples_leaf': 1, 'min_samples_split': 2, 'min_weight_fraction_leaf': 0.0, 'monotonic_cst': None, 'n_estimators': 100, 'n_jobs': None, 'oob_score': False, 'random_state': 42, 'verbose': 0, 'warm_start': False}","Grid search only with n_estimators. 7 lag medio_diario."
Random Forest,2024-06-23_19-33-25,0.23549646512536695,0.08574265886530333,0.29281847425547336,0.5824062507928999,"{'bootstrap': True, 'ccp_alpha': 0.0, 'criterion': 'squared_error', 'max_depth': 10, 'max_features': 'sqrt', 'max_leaf_nodes': None, 'max_samples': None, 'min_impurity_decrease': 0.0, 'min_samples_leaf': 1, 'min_samples_split': 2, 'min_weight_fraction_leaf': 0.0, 'monotonic_cst': None, 'n_estimators': 400, 'n_jobs': None, 'oob_score': False, 'random_state': 42, 'verbose': 0, 'warm_start': False}","2nd Grid search. 7 lag medio_diario."
Random Forest,2024-06-23_19-38-38,0.23647616745905098,0.08573524771020408,0.2928058191194364,0.5824423454520207,"{'bootstrap': True, 'ccp_alpha': 0.0, 'criterion': 'squared_error', 'max_depth': 10, 'max_features': 'sqrt', 'max_leaf_nodes': None, 'max_samples': None, 'min_impurity_decrease': 0.0, 'min_samples_leaf': 1, 'min_samples_split': 2, 'min_weight_fraction_leaf': 0.0, 'monotonic_cst': None, 'n_estimators': 1000, 'n_jobs': None, 'oob_score': False, 'random_state': 42, 'verbose': 0, 'warm_start': False}","3rd Grid search. 7 lag medio_diario."
xgboost,2024-06-26_21-06-25,0.20337247811537518,0.0686685361377976,0.2620468205069422,0.5526068545575464,"{'objective': 'reg:squarederror', 'base_score': None, 'booster': None, 'callbacks': None, 'colsample_bylevel': None, 'colsample_bynode': None, 'colsample_bytree': None, 'device': 'cuda', 'early_stopping_rounds': None, 'enable_categorical': 'True', 'eval_metric': None, 'feature_types': None, 'gamma': 0, 'grow_policy': None, 'importance_type': None, 'interaction_constraints': None, 'learning_rate': 0.01, 'max_bin': None, 'max_cat_threshold': None, 'max_cat_to_onehot': None, 'max_delta_step': None, 'max_depth': 3, 'max_leaves': None, 'min_child_weight': None, 'missing': nan, 'monotone_constraints': None, 'multi_strategy': None, 'n_estimators': 1300, 'n_jobs': None, 'num_parallel_tree': None, 'random_state': 42, 'reg_alpha': 0.5, 'reg_lambda': 0, 'sampling_method': None, 'scale_pos_weight': None, 'subsample': 0.3, 'tree_method': None, 'validate_parameters': None, 'verbosity': None}","best xgboost removing last month data before shuffle"
Random Forest,2024-06-26_21-15-21,0.20046630959866432,0.06953146071740225,0.2636881884298238,0.5469846793421871,"{'bootstrap': True, 'ccp_alpha': 0.0, 'criterion': 'squared_error', 'max_depth': 10, 'max_features': 'sqrt', 'max_leaf_nodes': None, 'max_samples': None, 'min_impurity_decrease': 0.0, 'min_samples_leaf': 1, 'min_samples_split': 2, 'min_weight_fraction_leaf': 0.0, 'monotonic_cst': None, 'n_estimators': 400, 'n_jobs': None, 'oob_score': False, 'random_state': 42, 'verbose': 0, 'warm_start': False}","2nd Grid search. 7 lag medio_diario. Removed last month data before shuffle"
KNN,2024-06-26_21-17-40,0.2076603010067439,0.0684891956508885,0.26170440510409543,0.553775303880282,"{'algorithm': 'auto', 'leaf_size': 1, 'metric': 'minkowski', 'metric_params': None, 'n_jobs': None, 'n_neighbors': 5, 'p': 1, 'weights': 'distance'}","best KNN model. Removed last month data before shuffle"
KNN,2024-06-27_13-41-11,0.20129479267536388,0.06109636463613386,0.24717678822278977,0.6019414962508083,"{'algorithm': 'auto', 'leaf_size': 1, 'metric': 'minkowski', 'metric_params': None, 'n_jobs': None, 'n_neighbors': 5, 'p': 1, 'weights': 'distance'}","best KNN model. Removed last month data before shuffle. lagging all features."
